--
-- PostgreSQL database dump
--

SET statement_timeout = 0;
SET client_encoding = 'UTF8';
SET standard_conforming_strings = on;
SET check_function_bodies = false;
SET client_min_messages = warning;

--
-- Name: plpgsql; Type: EXTENSION; Schema: -; Owner: 
--

CREATE EXTENSION IF NOT EXISTS plpgsql WITH SCHEMA pg_catalog;


--
-- Name: EXTENSION plpgsql; Type: COMMENT; Schema: -; Owner: 
--

COMMENT ON EXTENSION plpgsql IS 'PL/pgSQL procedural language';


SET search_path = public, pg_catalog;

SET default_tablespace = '';

SET default_with_oids = false;

--
-- Name: league; Type: TABLE; Schema: public; Owner: drbean; Tablespace: 
--

CREATE TABLE league (
    id text NOT NULL,
    name text,
    field text,
    genre text
);


ALTER TABLE public.league OWNER TO drbean;

--
-- Name: member; Type: TABLE; Schema: public; Owner: drbean; Tablespace: 
--

CREATE TABLE member (
    league text NOT NULL,
    player text NOT NULL
);


ALTER TABLE public.member OWNER TO drbean;

--
-- Name: exercise; Type: TABLE; Schema: public; Owner: drbean; Tablespace: 
--

CREATE TABLE exercise (
    genre text NOT NULL,
    id text NOT NULL,
    description text NOT NULL
);


ALTER TABLE public.exercise OWNER TO drbean;


--
-- Name: play; Type: TABLE; Schema: public; Owner: drbean; Tablespace: 
--

CREATE TABLE play (
    question text NOT NULL,
    answer text,
    player text NOT NULL,
    league text NOT NULL,
    course text NOT NULL,
    try integer,
    score integer,
    questionchance integer,
    answerchance integer,
    exercise text NOT NULL
);


ALTER TABLE public.play OWNER TO drbean;

--
-- Name: player; Type: TABLE; Schema: public; Owner: drbean; Tablespace: 
--

CREATE TABLE player (
    id text NOT NULL,
    name text,
    password text
);


ALTER TABLE public.player OWNER TO drbean;

--
-- Name: session; Type: TABLE; Schema: public; Owner: drbean; Tablespace: 
--

CREATE TABLE session (
    id character(72) NOT NULL,
    session_data character varying(7500),
    expires integer
);


ALTER TABLE public.session OWNER TO drbean;

--
-- Name: try; Type: TABLE; Schema: public; Owner: drbean; Tablespace: 
--

CREATE TABLE try (
    exercise text NOT NULL,
    player text NOT NULL,
    league text NOT NULL,
    try integer NOT NULL,
    quoted text,
    answer text
);


ALTER TABLE public.try OWNER TO drbean;

--
-- Name: word; Type: TABLE; Schema: public; Owner: drbean; Tablespace: 
--

CREATE TABLE word (
    exercise text NOT NULL,
    string text
);


--
-- Data for Name: league; Type: TABLE DATA; Schema: public; Owner: drbean
--

COPY league (id, name, field, genre) FROM stdin;
GL00006	日語文共同學制虛擬班二甲	中級英文聽說訓練	\N
GL00030	日語文共同學制虛擬班二甲	中級英文聽說訓練	\N
FLA0006	夜應外大學四甲	新聞英語	\N
FLA0007	夜應外大學四甲	英語演說	\N
AFN2N0	NAF021_四技外二甲_選修_2	初級商用英文	\N
AFN3Y0	NAF031_四技外三甲_選修_2	電腦多媒體語言教學	\N
AFN300	NAF031_四技外三甲_必修_2	高階英語聽力	\N
\.


--
-- Data for Name: member; Type: TABLE DATA; Schema: public; Owner: drbean
--

COPY member (league, player) FROM stdin;
GL00006	U0018027
GL00006	U0042050
GL00006	U0017024
GL00006	U0043033
GL00006	U0016030
GL00006	U0142042
GL00006	K220155482
GL00006	U9911237
GL00006	U0016051
GL00006	U0042041
GL00006	M0210002
GL00006	U0043001
GL00006	U0023121
GL00006	U0222133
GL00006	U0042039
GL00006	U0142036
GL00006	U0031213
GL00006	U9923120
GL00006	U0042031
GL00006	U9917017
GL00006	U9911242
GL00006	U0018046
GL00006	U9943007
GL00006	U0122002
GL00006	U0222228
GL00006	U0042012
GL00006	U0043004
GL00030	U0131020
GL00030	U0131034
GL00030	U0214036
GL00030	U9933028
GL00030	U0114037
GL00030	V9941010
GL00030	U0123013
GL00030	U0010040
GL00030	U0114045
GL00030	U9923150
FLA0006	V9941015
FLA0006	V9941027
FLA0006	V9941045
FLA0006	V9941060
FLA0006	V9941007
FLA0006	V9941067
FLA0006	V9741064
FLA0006	V9941022
FLA0006	V9941023
FLA0006	V9941001
FLA0006	V9941012
FLA0006	V9941073
FLA0006	V9941040
FLA0006	V9841010
FLA0006	V9841025
FLA0006	V9941050
FLA0006	V9941011
FLA0006	V9941059
FLA0006	V9941047
FLA0006	V9841028
FLA0006	V9741044
FLA0006	V9941037
FLA0006	V9841049
FLA0006	T9823041
FLA0006	V9941075
FLA0006	V9941013
FLA0006	V9941029
FLA0006	V9941026
FLA0006	V9941049
FLA0006	V9841042
FLA0007	V9941015
FLA0007	V9941027
FLA0007	V9941014
FLA0007	V9941007
FLA0007	V9941025
FLA0007	V9941031
FLA0007	V9941023
FLA0007	V9941022
FLA0007	V9841046
FLA0007	V9941001
FLA0007	V9941012
FLA0007	V9841063
FLA0007	V9841025
FLA0007	V9941011
FLA0007	V9941010
FLA0007	V9741022
FLA0007	V9916050
FLA0007	V9941013
FLA0007	V9941005
FLA0007	V9941029
FLA0007	V9941026
FLA0007	V9841042
AFN2N0	N01200024
AFN2N0	N01200021
AFN2N0	N99080062
AFN2N0	N01200009
AFN2N0	N01200018
AFN2N0	N01200048
AFN2N0	N01200025
AFN2N0	N02202112
AFN2N0	N01200006
AFN2N0	N01200035
AFN2N0	N02202106
AFN2N0	N01200045
AFN2N0	N01200038
AFN2N0	N02202114
AFN2N0	N01200016
AFN2N0	N01200058
AFN2N0	N01200044
AFN2N0	N02202107
AFN2N0	N01200041
AFN2N0	N01200002
AFN2N0	N02202104
AFN2N0	N96080091
AFN2N0	N02202101
AFN2N0	N01200042
AFN2N0	N99080092
AFN2N0	N01200029
AFN2N0	N01200008
AFN2N0	N97200035
AFN2N0	N01200051
AFN2N0	N02202113
AFN2N0	N01200033
AFN2N0	N01200015
AFN2N0	N02202111
AFN2N0	N97120058
AFN2N0	N97200033
AFN2N0	N01200030
AFN2N0	N00082007
AFN2N0	N01200023
AFN2N0	N01200049
AFN2N0	N02202110
AFN2N0	N01200056
AFN2N0	N01200026
AFN2N0	N01200014
AFN2N0	N99080075
AFN2N0	N01200020
AFN2N0	N97200045
AFN2N0	N01200046
AFN2N0	N01200028
AFN2N0	N01200010
AFN3Y0	N00200042
AFN3Y0	N01202001
AFN3Y0	N00200025
AFN3Y0	N00200044
AFN3Y0	N96200030
AFN3Y0	N00200054
AFN3Y0	N00200017
AFN3Y0	N01202004
AFN3Y0	N00200010
AFN3Y0	N00200055
AFN3Y0	N00200037
AFN3Y0	N00200030
AFN3Y0	N00200056
AFN3Y0	N01203003
AFN3Y0	N00200009
AFN3Y0	N00200001
AFN300	N00200034
AFN300	N00200031
AFN300	N00200048
AFN300	N00200042
AFN300	N00200008
AFN300	N00200013
AFN300	N02203101
AFN300	N01202104
AFN300	N00202103
AFN300	N00200036
AFN300	N01202001
AFN300	N00200025
AFN300	N00200044
AFN300	N00200054
AFN300	N00200043
AFN300	N00200007
AFN300	N99030025
AFN300	N00200047
AFN300	N98200037
AFN300	N00200029
AFN300	N00200017
AFN300	N99100009
AFN300	N00200032
AFN300	N00200006
AFN300	N01202004
AFN300	N00200010
AFN300	N00200055
AFN300	N02203102
AFN300	N00200058
AFN300	N00200037
AFN300	N00200003
AFN300	N01202101
AFN300	N00200051
AFN300	N00200045
AFN300	N97200033
AFN300	N98200021
AFN300	N00200030
AFN300	N00200014
AFN300	N01202105
AFN300	N01202103
AFN300	N00200056
AFN300	N00200009
AFN300	N00200022
AFN300	N00200015
AFN300	N00200001
AFN300	N00200027
AFN300	N00200018
AFN300	N01202002
AFN300	N99030033
AFN300	N01202003
AFN300	N00120056
\.


--
-- Data for Name: play; Type: TABLE DATA; Schema: public; Owner: drbean
--

COPY play (question, answer, player, league, course, try, score, questionchance, answerchance, exercise) FROM stdin;
\.


--
-- Data for Name: player; Type: TABLE DATA; Schema: public; Owner: drbean
--

COPY player (id, name, password) FROM stdin;
N99080062	彭聖仁	sheng
N00200008	王雅慧	ya
N01200025	劉昱宜	yu
N01200038	張煥翊	huan
U0023121	洪珮其	pei
N01200058	張敏鈺	min
N01200044	黃小芳	xiao
N02202107	劉怡甄	yi
N00200025	陳宣貝	xuan
N00200044	邱欣蘭	xin
N01200041	蔡佩燕	pei
N01200002	范芝喬	zhi
N00200054	呂恩華	en
N99030025	管得成	de
V9941005	徐?焜	?
V9941026	張真黛	zhen
N97200035	張志嘉	zhi
N00200055	蔡秉倉	bing
N00200058	郭姵妤	pei
U0016030	蔡欣儒	xin
N01202101	黃秀娟	xiu
N00200051	戴睿萱	rui
N02202111	董翌亦	yi
K220155482	林沂慧	yi
U0214036	林泓毅	hong
N01200030	戴??	?
U9933028	林建禹	jian
U9911237	湯光煜	guang
N00200014	羅莉玲	li
N00200030	徐頌華	song
N01202105	鄭瑞昇	rui
N01200023	詹庭羽	ting
N02202110	鄭煒諺	wei
U9917017	楊聖	sheng
V9741044	張馨卿	xin
N97200045	劉宇凡	yu
V9916050	黎彥廷	yan
N01202002	彭雅楹	ya
N01200046	江佳璇	jia
U0122002	陳蓉萱	rong
U0131034	謝清?	qing
N00200048	葉俞萱	yu
N00200042	馮小蓉	xiao
U0043033	陳佩暄	pei
N01200018	王楚寒	chu
V9741064	白芳瑜	fang
N02203101	呂旻汶	min
N01200006	王詩云	shi
U0042041	辛昆星	kun
N01202001	蕭巧薇	qiao
U0042039	陳靖宜	jing
N96200030	王安妤	an
U0010040	卓羿廷	yi
U0042031	陳忠偉	jung
U0018046	楊佳宜	jia
V9841042	李家安	jia
N00200006	江麗玲	li
N01200008	徐瑋萱	wei
V9941015	涂為智	wei
N01200051	林秀華	xiu
N02202113	黃哲禹	zhe
V9941014	謝東霖	dong
U0042050	向垣蓉	yuan
U0017024	王志睿	zhi
V9941060	吳李龍	li
N97120058	羅芳鋙	fang
V9841046	胡佳玟	jia
V9941001	吳仰婷	yang
N00200056	徐敏華	min
V9941012	?翔義	xiang
V9941073	楊千慧	qian
N00200009	劉玉慧	yu
U0142036	楊苑羚	yuan
U0031213	吳肇茗	zhao
U0123013	沈皓鈞	hao
N00200022	胡文瑄	wen
N01200020	凾登舜	deng
N99080075	劉晨宇	chen
N00200018	曾孟妍	meng
T9823041	李秉霖	bing
V9941037	劉紋君	wen
N00200034	魏雪如	xue
U0131020	張馨鎂	xin
N00200031	嚴佳馨	jia
N01200021	蔡雨樵	yu
N01200024	李姿嫺	zi
V9941027	楊琬茹	wan
V9941045	黃宇襄	yu
V9941067	劉好英	hao
V9941025	陳乙瑄	yi
N01200048	陳怡真	yi
N01202104	詹益昌	yi
V9941031	洪欣慈	xin
N02202112	方志嘉	zhi
N00202103	張嘉晏	jia
U0016051	胡亞微	ya
N00200036	彭成賓	cheng
N02202106	劉芳瑀	fang
U0043001	張雅芬	ya
V9841063	湯浩軍	hao
V9841010	彭浩瑀	hao
N01200016	許依萍	yi
N02202114	鄭巧柔	qiao
V9741022	羅尹妮	yin
N02202104	鄭宇婷	yu
N02202101	陳文億	wen
N01200042	蔡承翰	cheng
V9941075	林柏如	bai
N98200037	林雯柔	wen
N00200029	魏羽娸	yu
U0042012	陳紹順	shao
N99100009	張君鈺	jun
N00200032	曾詩穎	shi
N01200029	黃俞嘉	yu
N00200003	林宗賢	zong
N00200037	林昱瑤	yu
N00200045	余岱蓉	dai
V9941023	彭姿菁	zi
V9941022	陳俞靜	yu
N97200033	鄧茜久	ge
N98200021	鐘元君	yuan
N00082007	陳翰境	han
M0210002	褚春美	chun
N01200056	吳聲均	sheng
N01200026	葉淑玲	shu
N01200014	范育芳	yu
U0114045	張博堯	bo
N00200015	劉啟芬	qi
V9841028	彭怡靜	yi
U9911242	陳柏合	bo
N99030033	郭駿緯	jun
U0222228	林立婷	li
N01202003	黃冠潔	guan
N00120056	李桂英	guei
V9941049	詹春英	chun
N01200010	凾紫渝	zi
U0018027	林珈羽	jia
193001	DrBean	ok
V9941007	朱文章	wen
N01200009	徐禹婷	yu
N00200013	彭為騰	wei
N01200035	徐詩茹	shi
N01200045	江進慧	jin
V9941040	莊翌蝶	yi
V9841025	葉瓊惠	qiong
V9941050	詹春華	chun
V9941010	湯明勳	ming
V9941047	徐婉綾	wan
N96080091	賴正傑	zheng
N00200043	劉佩欣	pei
N00200007	鄒瓊瑩	qiong
V9841049	駱佳帷	jia
N00200047	陳俊生	jun
V9941013	洪詠舜	yong
V9941029	張雅婷	ya
N00200017	潘信安	xin
U0043004	陳嬿羽	yan
N99080092	李郁芬	yu
N01202004	林宜儒	yi
N00200010	陳映如	ying
N02203102	溫嘉翔	jia
N01200033	蕭至祐	zhi
U0142042	黃理偉	li
N01200015	王子銘	zi
N01202103	吳振暐	zhen
U0114037	陳冠廷	guan
N01203003	吳紫彤	zi
U0222133	洪崇沼	chung
N01200049	陳怡芳	yi
V9941011	鍾興科	xing
V9941059	黃于真	yu
U9923120	吳冠甫	guan
U9923150	王秉亮	bing
N00200001	張芯瑀	xin
N00200027	周彥伶	yan
U9943007	林芳瑩	fang
N01200028	陳俐婷	li
\.


--
-- Data for Name: session; Type: TABLE DATA; Schema: public; Owner: drbean
--

COPY session (id, session_data, expires) FROM stdin;
session:434b0fd54d6d002c0aab2df0082edbc8d7090c03                        	BQgDAAAABwoHZGVmYXVsdAAAAAxfX3VzZXJfcmVhbG0KBjE5MzAwMQAAAAlwbGF5ZXJfaWQEAwAA\nAAMKAm9rAAAACHBhc3N3b3JkCgZEckJlYW4AAAAEbmFtZQoGMTkzMDAxAAAAAmlkAAAABl9fdXNl\ncgoKMTM3OTY4MDU3NAAAAAlfX2NyZWF0ZWQKBkFGTjJOMAAAAAZsZWFndWUKCWNhbmRpZGF0ZQAA\nAAhleGVyY2lzZQlSPEZpAAAACV9fdXBkYXRlZA==\n	1379687808
session:30ccdbad005f0a09912cdf82547066e069d025e1                        	BQgDAAAABwoHZGVmYXVsdAAAAAxfX3VzZXJfcmVhbG0KCU4wMTIwMDA0NAAAAAlwbGF5ZXJfaWQK\nBkFGTjJOMAAAAAZsZWFndWUEAwAAAAMKBHhpYW8AAAAIcGFzc3dvcmQKCem7g+Wwj+iKswAAAARu\nYW1lCglOMDEyMDAwNDQAAAACaWQAAAAGX191c2VyCVJA6vYAAAAJX19jcmVhdGVkCgljYW5kaWRh\ndGUAAAAIZXhlcmNpc2UJUkDq9gAAAAlfX3VwZGF0ZWQ=\n	1379992953
session:13c4b68d5d866ff02489c105b3e10ec3b124587f                        	BQgDAAAABwoHZGVmYXVsdAAAAAxfX3VzZXJfcmVhbG0KCU4wMTIwMDA0NAAAAAlwbGF5ZXJfaWQK\nCjEzNzk3Njk4MzMAAAAJX19jcmVhdGVkBAMAAAADCgR4aWFvAAAACHBhc3N3b3JkCgnpu4PlsI/o\nirMAAAAEbmFtZQoJTjAxMjAwMDQ0AAAAAmlkAAAABl9fdXNlcgoGQUZOMk4wAAAABmxlYWd1ZQoH\namFja3NvbgAAAAhleGVyY2lzZQlSPZ3rAAAACV9fdXBkYXRlZA==\n	1379773435
session:aebed1452a0c86616312c8d5dec75b8334753d36                        	BQgDAAAABwoHZGVmYXVsdAAAAAxfX3VzZXJfcmVhbG0KBjE5MzAwMQAAAAlwbGF5ZXJfaWQEAwAA\nAAMKAm9rAAAACHBhc3N3b3JkCgZEckJlYW4AAAAEbmFtZQoGMTkzMDAxAAAAAmlkAAAABl9fdXNl\ncgoKMTM3OTU3NzQ5MAAAAAlfX2NyZWF0ZWQKBkFGTjJOMAAAAAZsZWFndWUKCWNhbmRpZGF0ZQAA\nAAhleGVyY2lzZQlSOq9TAAAACV9fdXBkYXRlZA==\n	1379581283
session:7ab7cc7b4d0cb82b1c92ccc6171bea938783f893                        	BQgDAAAABwoHZGVmYXVsdAAAAAxfX3VzZXJfcmVhbG0KCU4wMTIwMDA0NAAAAAlwbGF5ZXJfaWQK\nBkFGTjJOMAAAAAZsZWFndWUEAwAAAAMKBHhpYW8AAAAIcGFzc3dvcmQKCem7g+Wwj+iKswAAAARu\nYW1lCglOMDEyMDAwNDQAAAACaWQAAAAGX191c2VyCVJAa0gAAAAJX19jcmVhdGVkCgljYW5kaWRh\ndGUAAAAIZXhlcmNpc2UJUkBrSAAAAAlfX3VwZGF0ZWQ=\n	1379957260
session:5935c8874ca49c950918fea3906e65061128389e                        	BQgDAAAABgoHZGVmYXVsdAAAAAxfX3VzZXJfcmVhbG0KBjE5MzAwMQAAAAlwbGF5ZXJfaWQEAwAA\nAAMKAm9rAAAACHBhc3N3b3JkCgZEckJlYW4AAAAEbmFtZQoGMTkzMDAxAAAAAmlkAAAABl9fdXNl\ncgoKMTM3OTY1NTc1MgAAAAlfX2NyZWF0ZWQKBkFGTjJOMAAAAAZsZWFndWUJUjvgkwAAAAlfX3Vw\nZGF0ZWQ=\n	1379659427
session:6828c702c8b91a67f62eaf339860666a43ef0c98                        	BQgDAAAABwoHZGVmYXVsdAAAAAxfX3VzZXJfcmVhbG0KBjE5MzAwMQAAAAlwbGF5ZXJfaWQKBkFG\nTjJOMAAAAAZsZWFndWUKCjEzNzk4NTIzODUAAAAJX19jcmVhdGVkBAMAAAADCgJvawAAAAhwYXNz\nd29yZAoGRHJCZWFuAAAABG5hbWUKBjE5MzAwMQAAAAJpZAAAAAZfX3VzZXIKCWNhbmRpZGF0ZQAA\nAAhleGVyY2lzZQlSPuiTAAAACV9fdXBkYXRlZA==\n	1379859455
session:2b7e2a923076069cc7713ff27be774050b8a8a07                        	BQgDAAAABwoHZGVmYXVsdAAAAAxfX3VzZXJfcmVhbG0KCU4wMTIwMDA0NAAAAAlwbGF5ZXJfaWQK\nCjEzNzk3Njk3NDkAAAAJX19jcmVhdGVkBAMAAAADCgR4aWFvAAAACHBhc3N3b3JkCgnpu4PlsI/o\nirMAAAAEbmFtZQoJTjAxMjAwMDQ0AAAAAmlkAAAABl9fdXNlcgoGQUZOMk4wAAAABmxlYWd1ZQoH\namFja3NvbgAAAAhleGVyY2lzZQlSPZ2XAAAACV9fdXBkYXRlZA==\n	1379774372
session:a3ec89006ff599a8a18f663163c833b2e399fc29                        	BQgDAAAABwoHZGVmYXVsdAAAAAxfX3VzZXJfcmVhbG0KCU4wMTIwMDAyOQAAAAlwbGF5ZXJfaWQK\nBkFGTjJOMAAAAAZsZWFndWUEAwAAAAMKAnl1AAAACHBhc3N3b3JkCgnpu4Pkv57lmIkAAAAEbmFt\nZQoJTjAxMjAwMDI5AAAAAmlkAAAABl9fdXNlcglSQa/XAAAACV9fY3JlYXRlZAoJY2FuZGlkYXRl\nAAAACGV4ZXJjaXNlCVJBr9cAAAAJX191cGRhdGVk\n	1380040169
session:f587210a13ba28ed0a3ba38ec41ffb171f03ecc4                        	BQgDAAAABwoHZGVmYXVsdAAAAAxfX3VzZXJfcmVhbG0KCU4wMTIwMDAyNAAAAAlwbGF5ZXJfaWQK\nBkFGTjJOMAAAAAZsZWFndWUEAwAAAAMKAnppAAAACHBhc3N3b3JkCgnmnY7lp7/lq7oAAAAEbmFt\nZQoJTjAxMjAwMDI0AAAAAmlkAAAABl9fdXNlcgoKMTM3OTc2OTAzMAAAAAlfX2NyZWF0ZWQKCWNh\nbmRpZGF0ZQAAAAhleGVyY2lzZQlSPZt9AAAACV9fdXBkYXRlZA==\n	1379773019
session:3978019a429814c63cfad36c28f322f38507a9c5                        	BQgDAAAABwoHZGVmYXVsdAAAAAxfX3VzZXJfcmVhbG0KBjE5MzAwMQAAAAlwbGF5ZXJfaWQKBkFG\nTjJOMAAAAAZsZWFndWUKCjEzNzk3MzYzMDMAAAAJX19jcmVhdGVkBAMAAAADCgJvawAAAAhwYXNz\nd29yZAoGRHJCZWFuAAAABG5hbWUKBjE5MzAwMQAAAAJpZAAAAAZfX3VzZXIKCWNhbmRpZGF0ZQAA\nAAhleGVyY2lzZQlSPSHCAAAACV9fdXBkYXRlZA==\n	1379741842
session:1e877667ea7551b09d68995c228689ccccb4bc42                        	BQgDAAAABwoHZGVmYXVsdAAAAAxfX3VzZXJfcmVhbG0KCU4wMTIwMDA1NgAAAAlwbGF5ZXJfaWQK\nBkFGTjJOMAAAAAZsZWFndWUEAwAAAAMKBXNoZW5nAAAACHBhc3N3b3JkCgnlkLPogbLlnYcAAAAE\nbmFtZQoJTjAxMjAwMDU2AAAAAmlkAAAABl9fdXNlcglSQgJkAAAACV9fY3JlYXRlZAoJY2FuZGlk\nYXRlAAAACGV4ZXJjaXNlCVJCAmQAAAAJX191cGRhdGVk\n	1380062770
session:2ddd0a77c980aba7b7f1cd6b2116766733d28b39                        	BQgDAAAABwoHZGVmYXVsdAAAAAxfX3VzZXJfcmVhbG0KBjE5MzAwMQAAAAlwbGF5ZXJfaWQKBkFG\nTjJOMAAAAAZsZWFndWUJUj7oLQAAAAlfX2NyZWF0ZWQEAwAAAAMKAm9rAAAACHBhc3N3b3JkCgZE\nckJlYW4AAAAEbmFtZQoGMTkzMDAxAAAAAmlkAAAABl9fdXNlcgoJY2FuZGlkYXRlAAAACGV4ZXJj\naXNlCVI+6DcAAAAJX191cGRhdGVk\n	1379859542
session:f832ed52fdc48191c3ca3ad84b1b46cbde490486                        	BQgDAAAABwoHZGVmYXVsdAAAAAxfX3VzZXJfcmVhbG0KCU4wMTIwMDAyOQAAAAlwbGF5ZXJfaWQK\nBkFGTjJOMAAAAAZsZWFndWUEAwAAAAMKAnl1AAAACHBhc3N3b3JkCgnpu4Pkv57lmIkAAAAEbmFt\nZQoJTjAxMjAwMDI5AAAAAmlkAAAABl9fdXNlcglSQeKRAAAACV9fY3JlYXRlZAoJY2FuZGlkYXRl\nAAAACGV4ZXJjaXNlCVJB4pEAAAAJX191cGRhdGVk\n	1380053242
session:d57aa4bfddfeeb276f30e330a26e252befdb3b7f                        	BQgDAAAABwoHZGVmYXVsdAAAAAxfX3VzZXJfcmVhbG0KCU4wMTIwMDAyOQAAAAlwbGF5ZXJfaWQK\nBkFGTjJOMAAAAAZsZWFndWUEAwAAAAMKAnl1AAAACHBhc3N3b3JkCgnpu4Pkv57lmIkAAAAEbmFt\nZQoJTjAxMjAwMDI5AAAAAmlkAAAABl9fdXNlcglSQd42AAAACV9fY3JlYXRlZAoJY2FuZGlkYXRl\nAAAACGV4ZXJjaXNlCVJB3jYAAAAJX191cGRhdGVk\n	1380055287
session:6a580a281177090f81c2d47c2af651dcd1bb5eca                        	BQgDAAAABwoHZGVmYXVsdAAAAAxfX3VzZXJfcmVhbG0KCU4wMTIwMDA1NgAAAAlwbGF5ZXJfaWQK\nBkFGTjJOMAAAAAZsZWFndWUEAwAAAAMKBXNoZW5nAAAACHBhc3N3b3JkCgnlkLPogbLlnYcAAAAE\nbmFtZQoJTjAxMjAwMDU2AAAAAmlkAAAABl9fdXNlcgoKMTM4MDA1OTM0OAAAAAlfX2NyZWF0ZWQK\nCWNhbmRpZGF0ZQAAAAhleGVyY2lzZQlSQgqWAAAACV9fdXBkYXRlZA==\n	1380063937
session:5a0b13a35e5215b156fb4f276af92f74b674fafc                        	BQgDAAAABwoHZGVmYXVsdAAAAAxfX3VzZXJfcmVhbG0KCU4wMTIwMDA0MQAAAAlwbGF5ZXJfaWQK\nBkFGTjJOMAAAAAZsZWFndWUEAwAAAAMKA3BlaQAAAAhwYXNzd29yZAoJ6JSh5L2p54eVAAAABG5h\nbWUKCU4wMTIwMDA0MQAAAAJpZAAAAAZfX3VzZXIJUkLnSwAAAAlfX2NyZWF0ZWQKCWNhbmRpZGF0\nZQAAAAhleGVyY2lzZQlSQudLAAAACV9fdXBkYXRlZA==\n	1380119932
session:ec9ef08cb0c63156b79c83ed914e5cd3d346eede                        	BQgDAAAABwoHZGVmYXVsdAAAAAxfX3VzZXJfcmVhbG0KCU4wMTIwMDAyNAAAAAlwbGF5ZXJfaWQK\nCjEzODAxMTk4NTYAAAAJX19jcmVhdGVkBAMAAAADCgJ6aQAAAAhwYXNzd29yZAoJ5p2O5ae/5au6\nAAAABG5hbWUKCU4wMTIwMDAyNAAAAAJpZAAAAAZfX3VzZXIKBkFGTjJOMAAAAAZsZWFndWUKCWNh\nbmRpZGF0ZQAAAAhleGVyY2lzZQlSQvVvAAAACV9fdXBkYXRlZA==\n	1380123519
session:21d845f983bc0673b55b8980a1c4e3231d2abd15                        	BQgDAAAABwoHZGVmYXVsdAAAAAxfX3VzZXJfcmVhbG0KCU4wMTIwMDAwOQAAAAlwbGF5ZXJfaWQK\nBkFGTjJOMAAAAAZsZWFndWUEAwAAAAMKAnl1AAAACHBhc3N3b3JkCgnlvpDnprnlqbcAAAAEbmFt\nZQoJTjAxMjAwMDA5AAAAAmlkAAAABl9fdXNlcglSQwx/AAAACV9fY3JlYXRlZAoJY2FuZGlkYXRl\nAAAACGV4ZXJjaXNlCVJDDH8AAAAJX191cGRhdGVk\n	1380129427
session:0c98952af498b9f4d119cdddea9eef90409d148b                        	BQgDAAAABwoHZGVmYXVsdAAAAAxfX3VzZXJfcmVhbG0KCFY5OTQxMDEyAAAACXBsYXllcl9pZAoH\nRkxBMDAwNwAAAAZsZWFndWUJUkQmEgAAAAlfX2NyZWF0ZWQEAwAAAAMKBXhpYW5nAAAACHBhc3N3\nb3JkCgc/57+U576pAAAABG5hbWUKCFY5OTQxMDEyAAAAAmlkAAAABl9fdXNlcgoJY2FuZGlkYXRl\nAAAACGV4ZXJjaXNlCVJEJhgAAAAJX191cGRhdGVk\n	1380201514
session:ff852cd926deea4de9a06152c1f28fa0fd852504                        	BQgDAAAABwoHZGVmYXVsdAAAAAxfX3VzZXJfcmVhbG0KCU4wMTIwMDA0MQAAAAlwbGF5ZXJfaWQK\nBkFGTjJOMAAAAAZsZWFndWUEAwAAAAMKA3BlaQAAAAhwYXNzd29yZAoJ6JSh5L2p54eVAAAABG5h\nbWUKCU4wMTIwMDA0MQAAAAJpZAAAAAZfX3VzZXIJUkVMcQAAAAlfX2NyZWF0ZWQKCWNhbmRpZGF0\nZQAAAAhleGVyY2lzZQlSRUxxAAAACV9fdXBkYXRlZA==\n	1380276867
session:57c9eb0b9a296e6d61a9cd56897c652a7d5101ff                        	BQgDAAAABwoHZGVmYXVsdAAAAAxfX3VzZXJfcmVhbG0KCU4wMjIwMjEwMQAAAAlwbGF5ZXJfaWQK\nBkFGTjJOMAAAAAZsZWFndWUEAwAAAAMKA3dlbgAAAAhwYXNzd29yZAoJ6Zmz5paH5YSEAAAABG5h\nbWUKCU4wMjIwMjEwMQAAAAJpZAAAAAZfX3VzZXIJUkWkNgAAAAlfX2NyZWF0ZWQKCWNhbmRpZGF0\nZQAAAAhleGVyY2lzZQlSRaQ2AAAACV9fdXBkYXRlZA==\n	1380300465
session:204244bb8e8846555cd84a4894266920b89d6703                        	BQgDAAAABwoHZGVmYXVsdAAAAAxfX3VzZXJfcmVhbG0KCU4wMTIwMDAyOQAAAAlwbGF5ZXJfaWQK\nBkFGTjJOMAAAAAZsZWFndWUEAwAAAAMKAnl1AAAACHBhc3N3b3JkCgnpu4Pkv57lmIkAAAAEbmFt\nZQoJTjAxMjAwMDI5AAAAAmlkAAAABl9fdXNlcglSRZgkAAAACV9fY3JlYXRlZAoJY2FuZGlkYXRl\nAAAACGV4ZXJjaXNlCVJFmCQAAAAJX191cGRhdGVk\n	1380298193
session:19525eabfc32b8b0f7bde3753f510c4f34b077a1                        	BQgDAAAABwoHZGVmYXVsdAAAAAxfX3VzZXJfcmVhbG0KCU4wMTIwMDAyOQAAAAlwbGF5ZXJfaWQK\nBkFGTjJOMAAAAAZsZWFndWUEAwAAAAMKAnl1AAAACHBhc3N3b3JkCgnpu4Pkv57lmIkAAAAEbmFt\nZQoJTjAxMjAwMDI5AAAAAmlkAAAABl9fdXNlcglSREE1AAAACV9fY3JlYXRlZAoJY2FuZGlkYXRl\nAAAACGV4ZXJjaXNlCVJEQTUAAAAJX191cGRhdGVk\n	1380208773
session:6ebef26e1d75b077cc33da6556f02005985aa967                        	BQgDAAAABwoHZGVmYXVsdAAAAAxfX3VzZXJfcmVhbG0KCU4wMjIwMjExMgAAAAlwbGF5ZXJfaWQK\nBkFGTjJOMAAAAAZsZWFndWUEAwAAAAMKA3poaQAAAAhwYXNzd29yZAoJ5pa55b+X5ZiJAAAABG5h\nbWUKCU4wMjIwMjExMgAAAAJpZAAAAAZfX3VzZXIJUkWRMwAAAAlfX2NyZWF0ZWQKCWNhbmRpZGF0\nZQAAAAhleGVyY2lzZQlSRZEzAAAACV9fdXBkYXRlZA==\n	1380294566
session:993c2d905385d1e3b93388c165432b89415c7315                        	BQgDAAAABwoHZGVmYXVsdAAAAAxfX3VzZXJfcmVhbG0KCU4wMTIwMDAyOQAAAAlwbGF5ZXJfaWQK\nBkFGTjJOMAAAAAZsZWFndWUEAwAAAAMKAnl1AAAACHBhc3N3b3JkCgnpu4Pkv57lmIkAAAAEbmFt\nZQoJTjAxMjAwMDI5AAAAAmlkAAAABl9fdXNlcglSRF19AAAACV9fY3JlYXRlZAoJY2FuZGlkYXRl\nAAAACGV4ZXJjaXNlCVJEXX0AAAAJX191cGRhdGVk\n	1380215695
session:903d3be88a14c160ef7344363d630c0806c677ff                        	BQgDAAAABwoHZGVmYXVsdAAAAAxfX3VzZXJfcmVhbG0KCU4wMTIwMDAyOQAAAAlwbGF5ZXJfaWQK\nBkFGTjJOMAAAAAZsZWFndWUEAwAAAAMKAnl1AAAACHBhc3N3b3JkCgnpu4Pkv57lmIkAAAAEbmFt\nZQoJTjAxMjAwMDI5AAAAAmlkAAAABl9fdXNlcglSRZlcAAAACV9fY3JlYXRlZAoJY2FuZGlkYXRl\nAAAACGV4ZXJjaXNlCVJFmVwAAAAJX191cGRhdGVk\n	1380296558
session:85d3ecd1cb700b0ef3904757a63e3f83b90e1220                        	BQgDAAAABwoHZGVmYXVsdAAAAAxfX3VzZXJfcmVhbG0KCU4wMjIwMjExNAAAAAlwbGF5ZXJfaWQK\nBkFGTjJOMAAAAAZsZWFndWUEAwAAAAMKBHFpYW8AAAAIcGFzc3dvcmQKCemEreW3p+aflAAAAARu\nYW1lCglOMDIyMDIxMTQAAAACaWQAAAAGX191c2VyCVJFRTMAAAAJX19jcmVhdGVkCgljYW5kaWRh\ndGUAAAAIZXhlcmNpc2UJUkVFMwAAAAlfX3VwZGF0ZWQ=\n	1380275416
session:725164ab19447cb8c21f5c977861dd21ce5f2ed6                        	BQgDAAAABwoHZGVmYXVsdAAAAAxfX3VzZXJfcmVhbG0KCU4wMTIwMDAyOQAAAAlwbGF5ZXJfaWQK\nBkFGTjJOMAAAAAZsZWFndWUEAwAAAAMKAnl1AAAACHBhc3N3b3JkCgnpu4Pkv57lmIkAAAAEbmFt\nZQoJTjAxMjAwMDI5AAAAAmlkAAAABl9fdXNlcglSRk/qAAAACV9fY3JlYXRlZAoJY2FuZGlkYXRl\nAAAACGV4ZXJjaXNlCVJGT+oAAAAJX191cGRhdGVk\n	1380343293
session:6e19a8f286e77a9502ba2ead197119450f3ac9b6                        	BQgDAAAABwoHZGVmYXVsdAAAAAxfX3VzZXJfcmVhbG0KCU4wMjIwMjExMgAAAAlwbGF5ZXJfaWQK\nCjEzODAyOTQ3MzQAAAAJX19jcmVhdGVkBAMAAAADCgN6aGkAAAAIcGFzc3dvcmQKCeaWueW/l+WY\niQAAAARuYW1lCglOMDIyMDIxMTIAAAACaWQAAAAGX191c2VyCgZBRk4yTjAAAAAGbGVhZ3VlCglj\nYW5kaWRhdGUAAAAIZXhlcmNpc2UJUkWtNQAAAAlfX3VwZGF0ZWQ=\n	1380301641
session:c306abc5705234810d9c53bf0e4208c62decd2da                        	BQgDAAAABwoHZGVmYXVsdAAAAAxfX3VzZXJfcmVhbG0KCU4wMjIwMjExNAAAAAlwbGF5ZXJfaWQK\nBkFGTjJOMAAAAAZsZWFndWUEAwAAAAMKBHFpYW8AAAAIcGFzc3dvcmQKCemEreW3p+aflAAAAARu\nYW1lCglOMDIyMDIxMTQAAAACaWQAAAAGX191c2VyCVJFq+oAAAAJX19jcmVhdGVkCgljYW5kaWRh\ndGUAAAAIZXhlcmNpc2UJUkWr6gAAAAlfX3VwZGF0ZWQ=\n	1380301370
session:6255bb749a5cb734df2dd8673d454151c7a1a345                        	BQgDAAAABgoHZGVmYXVsdAAAAAxfX3VzZXJfcmVhbG0KCU4wMTIwMDAzNQAAAAlwbGF5ZXJfaWQK\nBkFGTjJOMAAAAAZsZWFndWUEAwAAAAMKA3NoaQAAAAhwYXNzd29yZAoJ5b6Q6Kmp6Iy5AAAABG5h\nbWUKCU4wMTIwMDAzNQAAAAJpZAAAAAZfX3VzZXIKCjEzODAyOTQ3MjAAAAAJX19jcmVhdGVkCVJF\noLMAAAAJX191cGRhdGVk\n	1380298435
session:d5c8bd4b58f814ce44ed1a59ca4d87109088a797                        	BQgDAAAABwoHZGVmYXVsdAAAAAxfX3VzZXJfcmVhbG0KCU4wMjIwMjEwNAAAAAlwbGF5ZXJfaWQK\nBkFGTjJOMAAAAAZsZWFndWUEAwAAAAMKAnl1AAAACHBhc3N3b3JkCgnphK3lroflqbcAAAAEbmFt\nZQoJTjAyMjAyMTA0AAAAAmlkAAAABl9fdXNlcglSRlQiAAAACV9fY3JlYXRlZAoJY2FuZGlkYXRl\nAAAACGV4ZXJjaXNlCVJGVCIAAAAJX191cGRhdGVk\n	1380345761
session:32486b21f9ad495d480778eb026fe00f7dba9f78                        	BQgDAAAABwoHZGVmYXVsdAAAAAxfX3VzZXJfcmVhbG0KCU4wMTIwMDAwNQAAAAlwbGF5ZXJfaWQK\nBkFGTjJOMAAAAAZsZWFndWUEAwAAAAMKBGppbmcAAAAIcGFzc3dvcmQKCeabvumdnOWmggAAAARu\nYW1lCglOMDEyMDAwMDUAAAACaWQAAAAGX191c2VyCVJFrL8AAAAJX19jcmVhdGVkCgljYW5kaWRh\ndGUAAAAIZXhlcmNpc2UJUkWsvwAAAAlfX3VwZGF0ZWQ=\n	1380303071
session:676e4c4e92c6d490c0f4ae5a0e2eeef5693684f5                        	BQgDAAAABwoHZGVmYXVsdAAAAAxfX3VzZXJfcmVhbG0KCU4wMTIwMDA1OAAAAAlwbGF5ZXJfaWQK\nCjEzODAzMzEwODAAAAAJX19jcmVhdGVkBAMAAAADCgNtaW4AAAAIcGFzc3dvcmQKCeW8teaVj+mI\nugAAAARuYW1lCglOMDEyMDAwNTgAAAACaWQAAAAGX191c2VyCgZBRk4yTjAAAAAGbGVhZ3VlCglj\nYW5kaWRhdGUAAAAIZXhlcmNpc2UJUkY+7gAAAAlfX3VwZGF0ZWQ=\n	1380340986
session:20af9c05521343897d8c3931394880be28d97da5                        	BQgDAAAABwoHZGVmYXVsdAAAAAxfX3VzZXJfcmVhbG0KCU4wMTIwMDA1OAAAAAlwbGF5ZXJfaWQK\nBkFGTjJOMAAAAAZsZWFndWUEAwAAAAMKA21pbgAAAAhwYXNzd29yZAoJ5by15pWP6Yi6AAAABG5h\nbWUKCU4wMTIwMDA1OAAAAAJpZAAAAAZfX3VzZXIJUkZGIAAAAAlfX2NyZWF0ZWQKCWNhbmRpZGF0\nZQAAAAhleGVyY2lzZQlSRkYgAAAACV9fdXBkYXRlZA==\n	1380340787
session:346613f275c1ed31dd1e1042875abc3f272bb8c0                        	BQgDAAAABwoHZGVmYXVsdAAAAAxfX3VzZXJfcmVhbG0KCU4wMTIwMDAyMQAAAAlwbGF5ZXJfaWQK\nCjEzODAzNDQ2MzgAAAAJX19jcmVhdGVkBAMAAAADCgJ5dQAAAAhwYXNzd29yZAoJ6JSh6Zuo5qi1\nAAAABG5hbWUKCU4wMTIwMDAyMQAAAAJpZAAAAAZfX3VzZXIKBkFGTjJOMAAAAAZsZWFndWUKCWNh\nbmRpZGF0ZQAAAAhleGVyY2lzZQlSRmfeAAAACV9fdXBkYXRlZA==\n	1380349422
session:d26708b862920a1d961f757d9ca8d35a437a272c                        	BQgDAAAABwoHZGVmYXVsdAAAAAxfX3VzZXJfcmVhbG0KCU4wMTIwMDAyMQAAAAlwbGF5ZXJfaWQK\nBkFGTjJOMAAAAAZsZWFndWUEAwAAAAMKAnl1AAAACHBhc3N3b3JkCgnolKHpm6jmqLUAAAAEbmFt\nZQoJTjAxMjAwMDIxAAAAAmlkAAAABl9fdXNlcglSRmgGAAAACV9fY3JlYXRlZAoJY2FuZGlkYXRl\nAAAACGV4ZXJjaXNlCVJGaAYAAAAJX191cGRhdGVk\n	1380349462
session:5ed3e56c452da167382f7b9e8123e60c0b12d472                        	BQgDAAAABwoHZGVmYXVsdAAAAAxfX3VzZXJfcmVhbG0KCU4wMTIwMDAyOQAAAAlwbGF5ZXJfaWQK\nCjEzODAzNTQ2ODUAAAAJX19jcmVhdGVkBAMAAAADCgJ5dQAAAAhwYXNzd29yZAoJ6buD5L+e5ZiJ\nAAAABG5hbWUKCU4wMTIwMDAyOQAAAAJpZAAAAAZfX3VzZXIKBkFGTjJOMAAAAAZsZWFndWUKCWNh\nbmRpZGF0ZQAAAAhleGVyY2lzZQlSRpAZAAAACV9fdXBkYXRlZA==\n	1380361107
session:3ec12275615748e4104d906c8b58aa777928ab6f                        	BQgDAAAABwoHZGVmYXVsdAAAAAxfX3VzZXJfcmVhbG0KCU4wMTIwMDAyMQAAAAlwbGF5ZXJfaWQK\nCjEzODAzNDU4NjQAAAAJX19jcmVhdGVkBAMAAAADCgJ5dQAAAAhwYXNzd29yZAoJ6JSh6Zuo5qi1\nAAAABG5hbWUKCU4wMTIwMDAyMQAAAAJpZAAAAAZfX3VzZXIKBkFGTjJOMAAAAAZsZWFndWUKCWNh\nbmRpZGF0ZQAAAAhleGVyY2lzZQlSRmilAAAACV9fdXBkYXRlZA==\n	1380349621
session:75109b1a0fbd2618912d1bfc8949c9609ffdf84f                        	BQgDAAAABwoHZGVmYXVsdAAAAAxfX3VzZXJfcmVhbG0KCU4wMjIwMjEwNgAAAAlwbGF5ZXJfaWQK\nCjEzODAzNjQ1NDMAAAAJX19jcmVhdGVkBAMAAAADCgRmYW5nAAAACHBhc3N3b3JkCgnlionoirPn\nkYAAAAAEbmFtZQoJTjAyMjAyMTA2AAAAAmlkAAAABl9fdXNlcgoGQUZOMk4wAAAABmxlYWd1ZQoJ\nY2FuZGlkYXRlAAAACGV4ZXJjaXNlCVJGsWIAAAAJX191cGRhdGVk\n	1380368297
session:eed3602cf91e75423d37d0c997b28e53db004b77                        	BQgDAAAABwoHZGVmYXVsdAAAAAxfX3VzZXJfcmVhbG0KCU4wMTIwMDAzNQAAAAlwbGF5ZXJfaWQK\nBkFGTjJOMAAAAAZsZWFndWUEAwAAAAMKA3NoaQAAAAhwYXNzd29yZAoJ5b6Q6Kmp6Iy5AAAABG5h\nbWUKCU4wMTIwMDAzNQAAAAJpZAAAAAZfX3VzZXIJUkZ/LQAAAAlfX2NyZWF0ZWQKCWNhbmRpZGF0\nZQAAAAhleGVyY2lzZQlSRn8tAAAACV9fdXBkYXRlZA==\n	1380355558
session:5d97a96ae0f966f5cfd309d1b1708ecde4fe8f8d                        	BQgDAAAABgoHZGVmYXVsdAAAAAxfX3VzZXJfcmVhbG0KCU4wMTIwMDAzNQAAAAlwbGF5ZXJfaWQK\nBkFGTjJOMAAAAAZsZWFndWUEAwAAAAMKA3NoaQAAAAhwYXNzd29yZAoJ5b6Q6Kmp6Iy5AAAABG5h\nbWUKCU4wMTIwMDAzNQAAAAJpZAAAAAZfX3VzZXIKCjEzODAzNTYzNTMAAAAJX19jcmVhdGVkCVJG\nkW0AAAAJX191cGRhdGVk\n	1380360061
session:c3417e519fa70b3c954b1a8b3baa9ae80841d524                        	BQgDAAAABwoHZGVmYXVsdAAAAAxfX3VzZXJfcmVhbG0KCU4wMTIwMDAzNQAAAAlwbGF5ZXJfaWQK\nBkFGTjJOMAAAAAZsZWFndWUEAwAAAAMKA3NoaQAAAAhwYXNzd29yZAoJ5b6Q6Kmp6Iy5AAAABG5h\nbWUKCU4wMTIwMDAzNQAAAAJpZAAAAAZfX3VzZXIJUkaSHwAAAAlfX2NyZWF0ZWQKCWNhbmRpZGF0\nZQAAAAhleGVyY2lzZQlSRpIfAAAACV9fdXBkYXRlZA==\n	1380362003
session:7b439004e5aad6ba052a8bd0151dcba5290a9233                        	BQgDAAAABwoHZGVmYXVsdAAAAAxfX3VzZXJfcmVhbG0KCU4wMTIwMDA0MQAAAAlwbGF5ZXJfaWQK\nBkFGTjJOMAAAAAZsZWFndWUEAwAAAAMKA3BlaQAAAAhwYXNzd29yZAoJ6JSh5L2p54eVAAAABG5h\nbWUKCU4wMTIwMDA0MQAAAAJpZAAAAAZfX3VzZXIJUkbdlAAAAAlfX2NyZWF0ZWQKCWNhbmRpZGF0\nZQAAAAhleGVyY2lzZQlSRt2UAAAACV9fdXBkYXRlZA==\n	1380387586
session:8745e2785e09499aa1bb88f29641e5f4153f82ce                        	BQgDAAAABwoHZGVmYXVsdAAAAAxfX3VzZXJfcmVhbG0KCU45OTA4MDA5MgAAAAlwbGF5ZXJfaWQK\nCjEzODAzNjU0MTYAAAAJX19jcmVhdGVkBAMAAAADCgJ5dQAAAAhwYXNzd29yZAoJ5p2O6YOB6Iqs\nAAAABG5hbWUKCU45OTA4MDA5MgAAAAJpZAAAAAZfX3VzZXIKBkFGTjJOMAAAAAZsZWFndWUKCWNh\nbmRpZGF0ZQAAAAhleGVyY2lzZQlSRry0AAAACV9fdXBkYXRlZA==\n	1380371140
session:ef5df27d5b28c0a79608e2b7442e54c89ece8b4c                        	BQgDAAAABwoHZGVmYXVsdAAAAAxfX3VzZXJfcmVhbG0KCU4wMjIwMjExMQAAAAlwbGF5ZXJfaWQK\nCjEzODAzNjUxOTcAAAAJX19jcmVhdGVkBAMAAAADCgJ5aQAAAAhwYXNzd29yZAoJ6JGj57+M5Lqm\nAAAABG5hbWUKCU4wMjIwMjExMQAAAAJpZAAAAAZfX3VzZXIKBkFGTjJOMAAAAAZsZWFndWUKCWNh\nbmRpZGF0ZQAAAAhleGVyY2lzZQlSRrPNAAAACV9fdXBkYXRlZA==\n	1380368861
session:1ddc2af7847b09463ff21eb645ba8821e0549fd9                        	BQgDAAAABwoHZGVmYXVsdAAAAAxfX3VzZXJfcmVhbG0KBjE5MzAwMQAAAAlwbGF5ZXJfaWQKBkFG\nTjJOMAAAAAZsZWFndWUJUkarWgAAAAlfX2NyZWF0ZWQEAwAAAAMKAm9rAAAACHBhc3N3b3JkCgZE\nckJlYW4AAAAEbmFtZQoGMTkzMDAxAAAAAmlkAAAABl9fdXNlcgoJY2FuZGlkYXRlAAAACGV4ZXJj\naXNlCVJGq2QAAAAJX191cGRhdGVk\n	1380366836
session:8965a6a7f00b4413fabb0842e560bc58655173e0                        	BQgDAAAABwoHZGVmYXVsdAAAAAxfX3VzZXJfcmVhbG0KCU4wMTIwMDAyMQAAAAlwbGF5ZXJfaWQK\nBkFGTjJOMAAAAAZsZWFndWUEAwAAAAMKAnl1AAAACHBhc3N3b3JkCgnolKHpm6jmqLUAAAAEbmFt\nZQoJTjAxMjAwMDIxAAAAAmlkAAAABl9fdXNlcglSRo0sAAAACV9fY3JlYXRlZAoJY2FuZGlkYXRl\nAAAACGV4ZXJjaXNlCVJGjSwAAAAJX191cGRhdGVk\n	1380359049
session:d2341a90c2cff2dc6f295e8ae3d345c601ce5c13                        	BQgDAAAABwoHZGVmYXVsdAAAAAxfX3VzZXJfcmVhbG0KCU4wMTIwMDAwOQAAAAlwbGF5ZXJfaWQK\nBkFGTjJOMAAAAAZsZWFndWUEAwAAAAMKAnl1AAAACHBhc3N3b3JkCgnlvpDnprnlqbcAAAAEbmFt\nZQoJTjAxMjAwMDA5AAAAAmlkAAAABl9fdXNlcgoKMTM4MDM4MDY2MAAAAAlfX2NyZWF0ZWQKCWNh\nbmRpZGF0ZQAAAAhleGVyY2lzZQlSRvhoAAAACV9fdXBkYXRlZA==\n	1380388857
session:8b89fc81b1ceb290b471a294c52c2fe41c0ef2af                        	BQgDAAAABgoHZGVmYXVsdAAAAAxfX3VzZXJfcmVhbG0KCU4wMDA4MjAwNwAAAAlwbGF5ZXJfaWQK\nBkFGTjJOMAAAAAZsZWFndWUEAwAAAAMKA2hhbgAAAAhwYXNzd29yZAoJ6Zmz57+w5aKDAAAABG5h\nbWUKCU4wMDA4MjAwNwAAAAJpZAAAAAZfX3VzZXIKCjEzODAzNjkxMDUAAAAJX19jcmVhdGVkCVJG\nw2EAAAAJX191cGRhdGVk\n	1380372849
session:3e9b277ee830ce03d83b4b831e36c50a09eee0e8                        	BQgDAAAABwoHZGVmYXVsdAAAAAxfX3VzZXJfcmVhbG0KCU4wMTIwMDAzMwAAAAlwbGF5ZXJfaWQK\nBkFGTjJOMAAAAAZsZWFndWUEAwAAAAMKA3poaQAAAAhwYXNzd29yZAoJ6JWt6Iez56WQAAAABG5h\nbWUKCU4wMTIwMDAzMwAAAAJpZAAAAAZfX3VzZXIJUkbLiwAAAAlfX2NyZWF0ZWQKCWNhbmRpZGF0\nZQAAAAhleGVyY2lzZQlSRsuLAAAACV9fdXBkYXRlZA==\n	1380377385
session:759e98ce58d7f0870ff84ea688dea3cf00458ae8                        	BQgDAAAABwoHZGVmYXVsdAAAAAxfX3VzZXJfcmVhbG0KCUIwMDIwMDA1NAAAAAlwbGF5ZXJfaWQK\nBkFGTjJOMAAAAAZsZWFndWUEAwAAAAMKAnNpAAAACHBhc3N3b3JkCgnojIPmgJ3mg58AAAAEbmFt\nZQoJQjAwMjAwMDU0AAAAAmlkAAAABl9fdXNlcglSR8SeAAAACV9fY3JlYXRlZAoJY2FuZGlkYXRl\nAAAACGV4ZXJjaXNlCVJHxJ4AAAAJX191cGRhdGVk\n	1380438705
session:e0281e5f863a3cd434019975e646931dfe60cb7a                        	BQgDAAAABwoHZGVmYXVsdAAAAAxfX3VzZXJfcmVhbG0KCU45OTA4MDA5MgAAAAlwbGF5ZXJfaWQK\nBkFGTjJOMAAAAAZsZWFndWUEAwAAAAMKAnl1AAAACHBhc3N3b3JkCgnmnY7pg4HoiqwAAAAEbmFt\nZQoJTjk5MDgwMDkyAAAAAmlkAAAABl9fdXNlcglSRsHhAAAACV9fY3JlYXRlZAoJY2FuZGlkYXRl\nAAAACGV4ZXJjaXNlCVJGweEAAAAJX191cGRhdGVk\n	1380372766
session:1d44044caae0693a5fb44f59c9edb3d1cc4b64f9                        	BQgDAAAABwoHZGVmYXVsdAAAAAxfX3VzZXJfcmVhbG0KCU4wMTIwMDAwOQAAAAlwbGF5ZXJfaWQK\nBkFGTjJOMAAAAAZsZWFndWUEAwAAAAMKAnl1AAAACHBhc3N3b3JkCgnlvpDnprnlqbcAAAAEbmFt\nZQoJTjAxMjAwMDA5AAAAAmlkAAAABl9fdXNlcglSRwH+AAAACV9fY3JlYXRlZAoJY2FuZGlkYXRl\nAAAACGV4ZXJjaXNlCVJHAf4AAAAJX191cGRhdGVk\n	1380389011
session:4f978c9435716d200c56ed66456e88f889c2e686                        	BQgDAAAABwoHZGVmYXVsdAAAAAxfX3VzZXJfcmVhbG0KCU4wMTIwMDAzMwAAAAlwbGF5ZXJfaWQK\nBkFGTjJOMAAAAAZsZWFndWUEAwAAAAMKA3poaQAAAAhwYXNzd29yZAoJ6JWt6Iez56WQAAAABG5h\nbWUKCU4wMTIwMDAzMwAAAAJpZAAAAAZfX3VzZXIJUkfodwAAAAlfX2NyZWF0ZWQKCWNhbmRpZGF0\nZQAAAAhleGVyY2lzZQlSR+h3AAAACV9fdXBkYXRlZA==\n	1380449077
session:c8d30edf9cbdfd17117905177544ddcd4c2140cc                        	BQgDAAAABgoHZGVmYXVsdAAAAAxfX3VzZXJfcmVhbG0KCU4wMTIwMDA1NgAAAAlwbGF5ZXJfaWQK\nBkFGTjJOMAAAAAZsZWFndWUEAwAAAAMKBXNoZW5nAAAACHBhc3N3b3JkCgnlkLPogbLlnYcAAAAE\nbmFtZQoJTjAxMjAwMDU2AAAAAmlkAAAABl9fdXNlcgoKMTM4MDQ2NDUwNgAAAAlfX2NyZWF0ZWQJ\nUkg4dgAAAAlfX3VwZGF0ZWQ=\n	1380468358
session:d91635aa6a82d848d2a7bb802f539fb7fc2b80b4                        	BQgDAAAABwoHZGVmYXVsdAAAAAxfX3VzZXJfcmVhbG0KBjE5MzAwMQAAAAlwbGF5ZXJfaWQJUk9s\ntgAAAAlfX2NyZWF0ZWQEAwAAAAMKAm9rAAAACHBhc3N3b3JkCgZEckJlYW4AAAAEbmFtZQoGMTkz\nMDAxAAAAAmlkAAAABl9fdXNlcgoGQUZOMk4wAAAABmxlYWd1ZQoJY2FuZGlkYXRlAAAACGV4ZXJj\naXNlCVJPbXoAAAAJX191cGRhdGVk\n	1380945932
session:15da7aca66b9f643f2523b24a529c9464e272d37                        	BQgDAAAABwoHZGVmYXVsdAAAAAxfX3VzZXJfcmVhbG0KBjE5MzAwMQAAAAlwbGF5ZXJfaWQKBkFG\nTjJOMAAAAAZsZWFndWUJUkouYQAAAAlfX2NyZWF0ZWQEAwAAAAMKAm9rAAAACHBhc3N3b3JkCgZE\nckJlYW4AAAAEbmFtZQoGMTkzMDAxAAAAAmlkAAAABl9fdXNlcgoJY2FuZGlkYXRlAAAACGV4ZXJj\naXNlCVJKLnEAAAAJX191cGRhdGVk\n	1380598167
session:92514c0fd3cf737e390060adfdb452605160230d                        	BQgDAAAABwoHZGVmYXVsdAAAAAxfX3VzZXJfcmVhbG0KCU4wMTIwMDAzMwAAAAlwbGF5ZXJfaWQK\nBkFGTjJOMAAAAAZsZWFndWUEAwAAAAMKA3poaQAAAAhwYXNzd29yZAoJ6JWt6Iez56WQAAAABG5h\nbWUKCU4wMTIwMDAzMwAAAAJpZAAAAAZfX3VzZXIKCjEzODA1MjQ5MDIAAAAJX19jcmVhdGVkCglj\nYW5kaWRhdGUAAAAIZXhlcmNpc2UJUkknjAAAAAlfX3VwZGF0ZWQ=\n	1380529984
session:d2e5e898f7973d26203c61891e13c7ade9275931                        	BQgDAAAABwoHZGVmYXVsdAAAAAxfX3VzZXJfcmVhbG0KCU4wMTIwMDA0MQAAAAlwbGF5ZXJfaWQK\nBkFGTjJOMAAAAAZsZWFndWUEAwAAAAMKA3BlaQAAAAhwYXNzd29yZAoJ6JSh5L2p54eVAAAABG5h\nbWUKCU4wMTIwMDA0MQAAAAJpZAAAAAZfX3VzZXIJUklJ+QAAAAlfX2NyZWF0ZWQKCWNhbmRpZGF0\nZQAAAAhleGVyY2lzZQlSSUn5AAAACV9fdXBkYXRlZA==\n	1380538391
session:a92a43d7d20ac106665af3a4cd14891773da6f65                        	BQgDAAAABwoHZGVmYXVsdAAAAAxfX3VzZXJfcmVhbG0KCU4wMTIwMDA1NgAAAAlwbGF5ZXJfaWQJ\nUk7I7AAAAAlfX2NyZWF0ZWQEAwAAAAMKBXNoZW5nAAAACHBhc3N3b3JkCgnlkLPogbLlnYcAAAAE\nbmFtZQoJTjAxMjAwMDU2AAAAAmlkAAAABl9fdXNlcgoGQUZOMk4wAAAABmxlYWd1ZQoJY2FuZGlk\nYXRlAAAACGV4ZXJjaXNlCVJOzTAAAAAJX191cGRhdGVk\n	1380900574
session:1e53d1daa4b34b06cc8ad59a21bf30e3bec61fa3                        	BQgDAAAABwoHZGVmYXVsdAAAAAxfX3VzZXJfcmVhbG0KCU4wMDA4MjAwNwAAAAlwbGF5ZXJfaWQK\nBkFGTjJOMAAAAAZsZWFndWUEAwAAAAMKA2hhbgAAAAhwYXNzd29yZAoJ6Zmz57+w5aKDAAAABG5h\nbWUKCU4wMDA4MjAwNwAAAAJpZAAAAAZfX3VzZXIJUk/eHgAAAAlfX2NyZWF0ZWQKCWNhbmRpZGF0\nZQAAAAhleGVyY2lzZQlST94eAAAACV9fdXBkYXRlZA==\n	1380969527
session:55e19e430290febee07fab33fa3d417342ab6bd7                        	BQgDAAAABwoHZGVmYXVsdAAAAAxfX3VzZXJfcmVhbG0KCU4wMTIwMDAyMwAAAAlwbGF5ZXJfaWQK\nBkFGTjJOMAAAAAZsZWFndWUEAwAAAAMKBHRpbmcAAAAIcGFzc3dvcmQKCeipueW6ree+vQAAAARu\nYW1lCglOMDEyMDAwMjMAAAACaWQAAAAGX191c2VyCgoxMzgwNDY2MDYzAAAACV9fY3JlYXRlZAoJ\nY2FuZGlkYXRlAAAACGV4ZXJjaXNlCVJIP4sAAAAJX191cGRhdGVk\n	1380470244
session:9b29ee8e4fa6b1503dcd3faaf090e21c7ae9885f                        	BQgDAAAABwoHZGVmYXVsdAAAAAxfX3VzZXJfcmVhbG0KCU4wMTIwMDAxNAAAAAlwbGF5ZXJfaWQK\nBkFGTjJOMAAAAAZsZWFndWUEAwAAAAMKAnl1AAAACHBhc3N3b3JkCgnojIPogrLoirMAAAAEbmFt\nZQoJTjAxMjAwMDE0AAAAAmlkAAAABl9fdXNlcglSTC4xAAAACV9fY3JlYXRlZAoJY2FuZGlkYXRl\nAAAACGV4ZXJjaXNlCVJMLjEAAAAJX191cGRhdGVk\n	1380732518
session:baad1c85c4a1c86953d642f432aadd51681e6246                        	BQgDAAAABwoHZGVmYXVsdAAAAAxfX3VzZXJfcmVhbG0KCU4wMTIwMDA0MQAAAAlwbGF5ZXJfaWQK\nBkFGTjJOMAAAAAZsZWFndWUEAwAAAAMKA3BlaQAAAAhwYXNzd29yZAoJ6JSh5L2p54eVAAAABG5h\nbWUKCU4wMTIwMDA0MQAAAAJpZAAAAAZfX3VzZXIJUk7kXgAAAAlfX2NyZWF0ZWQKCWNhbmRpZGF0\nZQAAAAhleGVyY2lzZQlSTuReAAAACV9fdXBkYXRlZA==\n	1380905591
session:3522bafc7816585f75f141ecc7ddfb08ae28c151                        	BQgDAAAABwoHZGVmYXVsdAAAAAxfX3VzZXJfcmVhbG0KCU4wMTIwMDA0MQAAAAlwbGF5ZXJfaWQK\nBkFGTjJOMAAAAAZsZWFndWUEAwAAAAMKA3BlaQAAAAhwYXNzd29yZAoJ6JSh5L2p54eVAAAABG5h\nbWUKCU4wMTIwMDA0MQAAAAJpZAAAAAZfX3VzZXIKCjEzODA1NTAwNTYAAAAJX19jcmVhdGVkCglj\nYW5kaWRhdGUAAAAIZXhlcmNpc2UJUkmGDwAAAAlfX3VwZGF0ZWQ=\n	1380556158
session:891d4923688ea0e8c55402cda1365961bda07b78                        	BQgDAAAABwoHZGVmYXVsdAAAAAxfX3VzZXJfcmVhbG0KCU4wMTIwMDAxMAAAAAlwbGF5ZXJfaWQK\nBkFGTjJOMAAAAAZsZWFndWUEAwAAAAMKAnppAAAACHBhc3N3b3JkCgnlh77ntKvmuJ0AAAAEbmFt\nZQoJTjAxMjAwMDEwAAAAAmlkAAAABl9fdXNlcglSTTwEAAAACV9fY3JlYXRlZAoJY2FuZGlkYXRl\nAAAACGV4ZXJjaXNlCVJNPAUAAAAJX191cGRhdGVk\n	1380797025
session:0fb62173662a4b9add6e2d7019a5dc6a06de93db                        	BQgDAAAABwoHZGVmYXVsdAAAAAxfX3VzZXJfcmVhbG0KCU4wMTIwMDAyNQAAAAlwbGF5ZXJfaWQK\nBkFGTjJOMAAAAAZsZWFndWUEAwAAAAMKAnl1AAAACHBhc3N3b3JkCgnlionmmLHlrpwAAAAEbmFt\nZQoJTjAxMjAwMDI1AAAAAmlkAAAABl9fdXNlcglST8JoAAAACV9fY3JlYXRlZAoJY2FuZGlkYXRl\nAAAACGV4ZXJjaXNlCVJPwmgAAAAJX191cGRhdGVk\n	1380962432
session:0c6bb7e150c80a4a648aebca788dac3888634f92                        	BQgDAAAABwoHZGVmYXVsdAAAAAxfX3VzZXJfcmVhbG0KBjE5MzAwMQAAAAlwbGF5ZXJfaWQKBkFG\nTjJOMAAAAAZsZWFndWUJUkogswAAAAlfX2NyZWF0ZWQEAwAAAAMKAm9rAAAACHBhc3N3b3JkCgZE\nckJlYW4AAAAEbmFtZQoGMTkzMDAxAAAAAmlkAAAABl9fdXNlcgoJY2FuZGlkYXRlAAAACGV4ZXJj\naXNlCVJKILsAAAAJX191cGRhdGVk\n	1380595304
session:2bb2e3592894101665d6533b5018060c640198db                        	BQgDAAAAAglSSiBOAAAACV9fY3JlYXRlZAlSSiBOAAAACV9fdXBkYXRlZA==\n	1380596821
session:0be4a33400787e6a70c05c1c95203e631e63786a                        	BQgDAAAABwoHZGVmYXVsdAAAAAxfX3VzZXJfcmVhbG0KCU4wMTIwMDAxNgAAAAlwbGF5ZXJfaWQK\nBkFGTjJOMAAAAAZsZWFndWUEAwAAAAMKAnlpAAAACHBhc3N3b3JkCgnoqLHkvp3okI0AAAAEbmFt\nZQoJTjAxMjAwMDE2AAAAAmlkAAAABl9fdXNlcglST8wyAAAACV9fY3JlYXRlZAoJY2FuZGlkYXRl\nAAAACGV4ZXJjaXNlCVJPzDIAAAAJX191cGRhdGVk\n	1380965911
session:9d818d70f631f37a9fbb665940a64e44107d9ed8                        	BQgDAAAABwoHZGVmYXVsdAAAAAxfX3VzZXJfcmVhbG0KCUIwMDIwMDA1NAAAAAlwbGF5ZXJfaWQK\nBkFGTjJOMAAAAAZsZWFndWUEAwAAAAMKAnNpAAAACHBhc3N3b3JkCgnojIPmgJ3mg58AAAAEbmFt\nZQoJQjAwMjAwMDU0AAAAAmlkAAAABl9fdXNlcglST6dJAAAACV9fY3JlYXRlZAoJY2FuZGlkYXRl\nAAAACGV4ZXJjaXNlCVJPp0kAAAAJX191cGRhdGVk\n	1380956930
session:005055a484341a2d57a7af727c0f2ba3b19c0fca                        	BQgDAAAABwoHZGVmYXVsdAAAAAxfX3VzZXJfcmVhbG0KBjE5MzAwMQAAAAlwbGF5ZXJfaWQKBkFG\nTjJOMAAAAAZsZWFndWUJUlP9qAAAAAlfX2NyZWF0ZWQEAwAAAAMKAm9rAAAACHBhc3N3b3JkCgZE\nckJlYW4AAAAEbmFtZQoGMTkzMDAxAAAAAmlkAAAABl9fdXNlcgoJY2FuZGlkYXRlAAAACGV4ZXJj\naXNlCVJT/bUAAAAJX191cGRhdGVk\n	1381240246
session:c92a4341ca2c176d9a8a37734b46ef095d77d4bd                        	BQgDAAAABwoHZGVmYXVsdAAAAAxfX3VzZXJfcmVhbG0KBjE5MzAwMQAAAAlwbGF5ZXJfaWQKBkFG\nTjJOMAAAAAZsZWFndWUJUlQDmgAAAAlfX2NyZWF0ZWQEAwAAAAMKAm9rAAAACHBhc3N3b3JkCgZE\nckJlYW4AAAAEbmFtZQoGMTkzMDAxAAAAAmlkAAAABl9fdXNlcgoJY2FuZGlkYXRlAAAACGV4ZXJj\naXNlCVJUA6AAAAAJX191cGRhdGVk\n	1381246048
session:a3096ce1469981f541108ac4e58fb6de5281c957                        	BQgDAAAABwoHZGVmYXVsdAAAAAxfX3VzZXJfcmVhbG0KBjE5MzAwMQAAAAlwbGF5ZXJfaWQKBkFG\nTjJOMAAAAAZsZWFndWUJUlQWpgAAAAlfX2NyZWF0ZWQEAwAAAAMKAm9rAAAACHBhc3N3b3JkCgZE\nckJlYW4AAAAEbmFtZQoGMTkzMDAxAAAAAmlkAAAABl9fdXNlcgoJY2FuZGlkYXRlAAAACGV4ZXJj\naXNlCVJUFq8AAAAJX191cGRhdGVk\n	1381246173
session:0af5d7180e65905239c53d0701a4d3700ef1a0d1                        	BQgDAAAABwoHZGVmYXVsdAAAAAxfX3VzZXJfcmVhbG0KBjE5MzAwMQAAAAlwbGF5ZXJfaWQKBkFG\nTjJOMAAAAAZsZWFndWUKCjEzODEyODEwMjAAAAAJX19jcmVhdGVkBAMAAAADCgJvawAAAAhwYXNz\nd29yZAoGRHJCZWFuAAAABG5hbWUKBjE5MzAwMQAAAAJpZAAAAAZfX3VzZXIKCWNhbmRpZGF0ZQAA\nAAhleGVyY2lzZQlSVLa5AAAACV9fdXBkYXRlZA==\n	1381298825
session:86cd69fb6c9a5de8195629d1c68dda73a120d63e                        	BQgDAAAABwoHZGVmYXVsdAAAAAxfX3VzZXJfcmVhbG0KCU4wMTIwMDAyMwAAAAlwbGF5ZXJfaWQK\nBkFGTjJOMAAAAAZsZWFndWUEAwAAAAMKBHRpbmcAAAAIcGFzc3dvcmQKCeipueW6ree+vQAAAARu\nYW1lCglOMDEyMDAwMjMAAAACaWQAAAAGX191c2VyCVJZEwEAAAAJX19jcmVhdGVkCgljYW5kaWRh\ndGUAAAAIZXhlcmNpc2UJUlkTAQAAAAlfX3VwZGF0ZWQ=\n	1381572886
session:9e06458c44c46bc6921f04d3a54fbdfc7fee109e                        	BQgDAAAABwoHZGVmYXVsdAAAAAxfX3VzZXJfcmVhbG0KBjE5MzAwMQAAAAlwbGF5ZXJfaWQKBkFG\nTjJOMAAAAAZsZWFndWUJUlX/9AAAAAlfX2NyZWF0ZWQEAwAAAAMKAm9rAAAACHBhc3N3b3JkCgZE\nckJlYW4AAAAEbmFtZQoGMTkzMDAxAAAAAmlkAAAABl9fdXNlcgoJY2FuZGlkYXRlAAAACGV4ZXJj\naXNlCVJV//4AAAAJX191cGRhdGVk\n	1381371513
session:d4b4f4f2cbdedf3021b02c2e535c330b80929554                        	BQgDAAAABwoHZGVmYXVsdAAAAAxfX3VzZXJfcmVhbG0KCU4wMjIwMjEwMQAAAAlwbGF5ZXJfaWQK\nBkFGTjJOMAAAAAZsZWFndWUEAwAAAAMKA3dlbgAAAAhwYXNzd29yZAoJ6Zmz5paH5YSEAAAABG5h\nbWUKCU4wMjIwMjEwMQAAAAJpZAAAAAZfX3VzZXIKCjEzODE1OTAzMTAAAAAJX19jcmVhdGVkCglj\nYW5kaWRhdGUAAAAIZXhlcmNpc2UJUllrDQAAAAlfX3VwZGF0ZWQ=\n	1381595427
session:e7a224d72bda353bf2e0f383a7fa222eb6cc1d76                        	BQgDAAAABwoHZGVmYXVsdAAAAAxfX3VzZXJfcmVhbG0KCFUwMjIyMTMzAAAACXBsYXllcl9pZAoH\nR0wwMDAwNgAAAAZsZWFndWUEAwAAAAMKBWNob25nAAAACHBhc3N3b3JkCgnmtKrltIfmtLoAAAAE\nbmFtZQoIVTAyMjIxMzMAAAACaWQAAAAGX191c2VyCVJbjKgAAAAJX19jcmVhdGVkCgdqYWNrc29u\nAAAACGV4ZXJjaXNlCVJbjKgAAAAJX191cGRhdGVk\n	1381735096
session:6727d0b299e891d734ec9b8b2f8ddd511833f200                        	BQgDAAAABwoHZGVmYXVsdAAAAAxfX3VzZXJfcmVhbG0KCUIwMDIwMDA1NAAAAAlwbGF5ZXJfaWQK\nBkFGTjJOMAAAAAZsZWFndWUEAwAAAAMKAnNpAAAACHBhc3N3b3JkCgnojIPmgJ3mg58AAAAEbmFt\nZQoJQjAwMjAwMDU0AAAAAmlkAAAABl9fdXNlcgoKMTM4MTU2Nzk1NQAAAAlfX2NyZWF0ZWQKCWNh\nbmRpZGF0ZQAAAAhleGVyY2lzZQlSWRDuAAAACV9fdXBkYXRlZA==\n	1381572356
session:b5c5bf02df4900bb9f090480b0a5ab3619b15f90                        	BQgDAAAABwoHZGVmYXVsdAAAAAxfX3VzZXJfcmVhbG0KBjE5MzAwMQAAAAlwbGF5ZXJfaWQKBkFG\nTjJOMAAAAAZsZWFndWUKCjEzODE0MDUwNDgAAAAJX19jcmVhdGVkBAMAAAADCgJvawAAAAhwYXNz\nd29yZAoGRHJCZWFuAAAABG5hbWUKBjE5MzAwMQAAAAJpZAAAAAZfX3VzZXIKCWNhbmRpZGF0ZQAA\nAAhleGVyY2lzZQlSVpHLAAAACV9fdXBkYXRlZA==\n	1381411587
session:c577e6e90b3d40f77ef0da88f727f9d58b69c0d9                        	BQgDAAAABwoHZGVmYXVsdAAAAAxfX3VzZXJfcmVhbG0KCFUwMjIyMTMzAAAACXBsYXllcl9pZAoK\nMTM4MTczMTQ5OAAAAAlfX2NyZWF0ZWQEAwAAAAMKBWNob25nAAAACHBhc3N3b3JkCgnmtKrltIfm\ntLoAAAAEbmFtZQoIVTAyMjIxMzMAAAACaWQAAAAGX191c2VyCgdHTDAwMDA2AAAABmxlYWd1ZQoH\namFja3NvbgAAAAhleGVyY2lzZQlSW4ytAAAACV9fdXBkYXRlZA==\n	1381735101
\.


--
-- Name: exercise_pkey; Type: CONSTRAINT; Schema: public; Owner: drbean; Tablespace: 
--

ALTER TABLE ONLY exercise
    ADD CONSTRAINT exercise_pkey PRIMARY KEY (genre, id);


--
-- Name: league_pkey; Type: CONSTRAINT; Schema: public; Owner: drbean; Tablespace: 
--

ALTER TABLE ONLY league
    ADD CONSTRAINT league_pkey PRIMARY KEY (id);


--
-- Name: member_pkey; Type: CONSTRAINT; Schema: public; Owner: drbean; Tablespace: 
--

ALTER TABLE ONLY member
    ADD CONSTRAINT member_pkey PRIMARY KEY (player, league);


--
-- Name: play_pkey; Type: CONSTRAINT; Schema: public; Owner: drbean; Tablespace: 
--

ALTER TABLE ONLY play
    ADD CONSTRAINT play_pkey PRIMARY KEY (player, league, course, question, exercise);


--
-- Name: player_pkey; Type: CONSTRAINT; Schema: public; Owner: drbean; Tablespace: 
--

ALTER TABLE ONLY player
    ADD CONSTRAINT player_pkey PRIMARY KEY (id);


--
-- Name: session_pkey; Type: CONSTRAINT; Schema: public; Owner: drbean; Tablespace: 
--

ALTER TABLE ONLY session
    ADD CONSTRAINT session_pkey PRIMARY KEY (id);


--
-- Name: try_pkey; Type: CONSTRAINT; Schema: public; Owner: drbean; Tablespace: 
--

ALTER TABLE ONLY try
    ADD CONSTRAINT try_pkey PRIMARY KEY (player, league, exercise, try);


--
-- Name: word_pkey; Type: CONSTRAINT; Schema: public; Owner: drbean; Tablespace: 
--

ALTER TABLE ONLY word
    ADD CONSTRAINT word_pkey PRIMARY KEY (exercise);


--
-- Name: member_idx_league; Type: INDEX; Schema: public; Owner: drbean; Tablespace: 
--

CREATE INDEX member_idx_league ON member USING btree (league);


--
-- Name: member_idx_player; Type: INDEX; Schema: public; Owner: drbean; Tablespace: 
--

CREATE INDEX member_idx_player ON member USING btree (player);


--
-- Name: play_idx_league_player; Type: INDEX; Schema: public; Owner: drbean; Tablespace: 
--

CREATE INDEX play_idx_league_player ON play USING btree (league, player);


--
-- Name: member_fk_league; Type: FK CONSTRAINT; Schema: public; Owner: drbean
--

ALTER TABLE ONLY member
    ADD CONSTRAINT member_fk_league FOREIGN KEY (league) REFERENCES league(id) ON UPDATE CASCADE ON DELETE CASCADE;


--
-- Name: member_fk_player; Type: FK CONSTRAINT; Schema: public; Owner: drbean
--

ALTER TABLE ONLY member
    ADD CONSTRAINT member_fk_player FOREIGN KEY (player) REFERENCES player(id) ON UPDATE CASCADE ON DELETE CASCADE;


--
-- Name: play_fk_league_player; Type: FK CONSTRAINT; Schema: public; Owner: drbean
--

ALTER TABLE ONLY play
    ADD CONSTRAINT play_fk_league_player FOREIGN KEY (league, player) REFERENCES member(league, player) ON UPDATE CASCADE ON DELETE CASCADE;


--
-- Name: public; Type: ACL; Schema: -; Owner: postgres
--

REVOKE ALL ON SCHEMA public FROM PUBLIC;
REVOKE ALL ON SCHEMA public FROM postgres;
GRANT ALL ON SCHEMA public TO postgres;
GRANT ALL ON SCHEMA public TO PUBLIC;


--
-- Name: exercise; Type: ACL; Schema: public; Owner: drbean
--

REVOKE ALL ON TABLE exercise FROM PUBLIC;
REVOKE ALL ON TABLE exercise FROM drbean;
GRANT ALL ON TABLE exercise TO drbean;
GRANT SELECT ON TABLE exercise TO apache;


--
-- Name: session; Type: ACL; Schema: public; Owner: drbean
--

REVOKE ALL ON TABLE session FROM PUBLIC;
REVOKE ALL ON TABLE session FROM drbean;
GRANT ALL ON TABLE session TO drbean;
GRANT SELECT,INSERT,DELETE,UPDATE ON TABLE session TO apache;


--
-- Name: try; Type: ACL; Schema: public; Owner: drbean
--

REVOKE ALL ON TABLE try FROM PUBLIC;
REVOKE ALL ON TABLE try FROM drbean;
GRANT ALL ON TABLE try TO drbean;
GRANT SELECT,INSERT ON TABLE try TO apache;


--
-- Name: word; Type: ACL; Schema: public; Owner: drbean
--

REVOKE ALL ON TABLE word FROM PUBLIC;
REVOKE ALL ON TABLE word FROM drbean;
GRANT ALL ON TABLE word TO drbean;
GRANT SELECT ON TABLE word TO apache;


--
-- PostgreSQL database dump complete
--

